backend,requests,p50_latency_seconds,p95_latency_seconds,total_latency_seconds,generated_tokens,tokens_per_second
transformers,20,0.31441595799878996,0.5358930450001935,6.878478073998849,524,76.17964240967176
vllm,20,0.21556044799945084,0.4097827120003785,6.9834378929936065,521,74.60508820773113
